features, error_rate
2, 0.613988
3, 0.613935
4, 0.613427
5, 0.615083
6, 0.614541
7, 0.614540
