trees, errorRate
50, 0.6221920329549936
100, 0.6139357552916429
200, 0.6080722205179894
500, 0.6009378149787458
1000, 0.5976160217362724