class, distribution, precision, recall
Up, 0.343764, 0.402266, 0.447379
Down, 0.312725, 0.385877, 0.469899
None, 0.343511, 0.477284, 0.329107