trees, error_rate
50, 0.622192
100, 0.613935
200, 0.608072
500, 0.600937
1000, 0.597616